--------------------------------------------------------
--  파일이 생성됨 - 수요일-2월-21-2018   
--------------------------------------------------------
--------------------------------------------------------
--  DDL for Table BLOG
--------------------------------------------------------

  CREATE TABLE "BLOG" 
   (	"USERNO" NUMBER, 
	"BLOGTITLE" VARCHAR2(200 BYTE), 
	"LOGOFILE" VARCHAR2(200 BYTE)
   ) SEGMENT CREATION IMMEDIATE 
  PCTFREE 10 PCTUSED 40 INITRANS 1 MAXTRANS 255 NOCOMPRESS LOGGING
  STORAGE(INITIAL 65536 NEXT 1048576 MINEXTENTS 1 MAXEXTENTS 2147483645
  PCTINCREASE 0 FREELISTS 1 FREELIST GROUPS 1 BUFFER_POOL DEFAULT FLASH_CACHE DEFAULT CELL_FLASH_CACHE DEFAULT)
  TABLESPACE "SYSTEM" ;
--------------------------------------------------------
--  DDL for Table CATEGORY
--------------------------------------------------------

  CREATE TABLE "CATEGORY" 
   (	"CATENO" NUMBER, 
	"USERNO" NUMBER, 
	"CATENAME" VARCHAR2(200 BYTE), 
	"DESCRIPTION" VARCHAR2(500 BYTE), 
	"REGDATE" DATE
   ) SEGMENT CREATION IMMEDIATE 
  PCTFREE 10 PCTUSED 40 INITRANS 1 MAXTRANS 255 NOCOMPRESS LOGGING
  STORAGE(INITIAL 65536 NEXT 1048576 MINEXTENTS 1 MAXEXTENTS 2147483645
  PCTINCREASE 0 FREELISTS 1 FREELIST GROUPS 1 BUFFER_POOL DEFAULT FLASH_CACHE DEFAULT CELL_FLASH_CACHE DEFAULT)
  TABLESPACE "SYSTEM" ;
--------------------------------------------------------
--  DDL for Table COMMENTS
--------------------------------------------------------

  CREATE TABLE "COMMENTS" 
   (	"CMTNO" NUMBER, 
	"POSTNO" NUMBER, 
	"CMTCONTENT" VARCHAR2(1000 BYTE), 
	"REGDATE" DATE
   ) SEGMENT CREATION IMMEDIATE 
  PCTFREE 10 PCTUSED 40 INITRANS 1 MAXTRANS 255 NOCOMPRESS LOGGING
  STORAGE(INITIAL 65536 NEXT 1048576 MINEXTENTS 1 MAXEXTENTS 2147483645
  PCTINCREASE 0 FREELISTS 1 FREELIST GROUPS 1 BUFFER_POOL DEFAULT FLASH_CACHE DEFAULT CELL_FLASH_CACHE DEFAULT)
  TABLESPACE "SYSTEM" ;
--------------------------------------------------------
--  DDL for Table POST
--------------------------------------------------------

  CREATE TABLE "POST" 
   (	"POSTNO" NUMBER, 
	"CATENO" NUMBER, 
	"POSTTITLE" VARCHAR2(300 BYTE), 
	"POSTCONTENT" VARCHAR2(4000 BYTE), 
	"REGDATE" DATE
   ) SEGMENT CREATION IMMEDIATE 
  PCTFREE 10 PCTUSED 40 INITRANS 1 MAXTRANS 255 NOCOMPRESS LOGGING
  STORAGE(INITIAL 65536 NEXT 1048576 MINEXTENTS 1 MAXEXTENTS 2147483645
  PCTINCREASE 0 FREELISTS 1 FREELIST GROUPS 1 BUFFER_POOL DEFAULT FLASH_CACHE DEFAULT CELL_FLASH_CACHE DEFAULT)
  TABLESPACE "SYSTEM" ;
--------------------------------------------------------
--  DDL for Table USERS
--------------------------------------------------------

  CREATE TABLE "USERS" 
   (	"USERNO" NUMBER, 
	"ID" VARCHAR2(50 BYTE), 
	"USERNAME" VARCHAR2(100 BYTE), 
	"PASSWORD" VARCHAR2(50 BYTE), 
	"JOINDATE" DATE
   ) SEGMENT CREATION IMMEDIATE 
  PCTFREE 10 PCTUSED 40 INITRANS 1 MAXTRANS 255 NOCOMPRESS LOGGING
  STORAGE(INITIAL 65536 NEXT 1048576 MINEXTENTS 1 MAXEXTENTS 2147483645
  PCTINCREASE 0 FREELISTS 1 FREELIST GROUPS 1 BUFFER_POOL DEFAULT FLASH_CACHE DEFAULT CELL_FLASH_CACHE DEFAULT)
  TABLESPACE "SYSTEM" ;
--------------------------------------------------------
--  DDL for Sequence SEQ_CATEGORY_NO
--------------------------------------------------------

   CREATE SEQUENCE  "SEQ_CATEGORY_NO"  MINVALUE 1 MAXVALUE 9999999999999999999999999999 INCREMENT BY 1 START WITH 41 CACHE 20 NOORDER  NOCYCLE ;
--------------------------------------------------------
--  DDL for Sequence SEQ_COMMENTS_NO
--------------------------------------------------------

   CREATE SEQUENCE  "SEQ_COMMENTS_NO"  MINVALUE 1 MAXVALUE 9999999999999999999999999999 INCREMENT BY 1 START WITH 1 CACHE 20 NOORDER  NOCYCLE ;
--------------------------------------------------------
--  DDL for Sequence SEQ_POST_NO
--------------------------------------------------------

   CREATE SEQUENCE  "SEQ_POST_NO"  MINVALUE 1 MAXVALUE 9999999999999999999999999999 INCREMENT BY 1 START WITH 21 CACHE 20 NOORDER  NOCYCLE ;
--------------------------------------------------------
--  DDL for Sequence SEQ_USERS_NO
--------------------------------------------------------

   CREATE SEQUENCE  "SEQ_USERS_NO"  MINVALUE 1 MAXVALUE 9999999999999999999999999999 INCREMENT BY 1 START WITH 21 CACHE 20 NOORDER  NOCYCLE ;
REM INSERTING into BLOG
SET DEFINE OFF;
Insert into BLOG (USERNO,BLOGTITLE,LOGOFILE) values (2,'기본 블로그명','15190076570945e690b04-c76e-404a-a013-12cfb171472a.jpg\D:\javaStudy\upload\15190076570945e690b04-c76e-404a-a013-12cfb171472a.jpg');
Insert into BLOG (USERNO,BLOGTITLE,LOGOFILE) values (3,'유정님의 블로그','1519035534652d123e6d0-cac3-4a7b-a61f-9945917daa41.jpg');
Insert into BLOG (USERNO,BLOGTITLE,LOGOFILE) values (4,'1님의 블로그 뉴트','15191062474482f960723-87e2-4c97-8440-d95d3129642c.png');
Insert into BLOG (USERNO,BLOGTITLE,LOGOFILE) values (5,'안녕하세요','1519017847783b8abca00-d0d3-48ef-8e09-24cd3d5f315c.jpg');
Insert into BLOG (USERNO,BLOGTITLE,LOGOFILE) values (6,'기본 블로그명','기본 로고');
Insert into BLOG (USERNO,BLOGTITLE,LOGOFILE) values (7,'혜미니블로그','15190912725617e7a6c41-b34b-4379-ae23-2a4d41bc5c21.jpg');
REM INSERTING into CATEGORY
SET DEFINE OFF;
Insert into CATEGORY (CATENO,USERNO,CATENAME,DESCRIPTION,REGDATE) values (28,4,'유정씨 ','히히히',to_date('18/02/20','RR/MM/DD'));
Insert into CATEGORY (CATENO,USERNO,CATENAME,DESCRIPTION,REGDATE) values (3,4,'미분류','카테고리를 지정하지 않은 경우',to_date('18/02/19','RR/MM/DD'));
Insert into CATEGORY (CATENO,USERNO,CATENAME,DESCRIPTION,REGDATE) values (4,5,'미분류','카테고리를 지정하지 않은 경우',to_date('18/02/19','RR/MM/DD'));
Insert into CATEGORY (CATENO,USERNO,CATENAME,DESCRIPTION,REGDATE) values (5,6,'미분류','카테고리를 지정하지 않은 경우',to_date('18/02/19','RR/MM/DD'));
Insert into CATEGORY (CATENO,USERNO,CATENAME,DESCRIPTION,REGDATE) values (9,7,'미분류','카테고리를 지정하지 않은 경우',to_date('18/02/20','RR/MM/DD'));
Insert into CATEGORY (CATENO,USERNO,CATENAME,DESCRIPTION,REGDATE) values (11,4,'안녕','히히',to_date('18/02/20','RR/MM/DD'));
Insert into CATEGORY (CATENO,USERNO,CATENAME,DESCRIPTION,REGDATE) values (14,4,'됬으면','좋겠다',to_date('18/02/20','RR/MM/DD'));
Insert into CATEGORY (CATENO,USERNO,CATENAME,DESCRIPTION,REGDATE) values (15,4,'왜 안될까?','이유가 뭐니',to_date('18/02/20','RR/MM/DD'));
Insert into CATEGORY (CATENO,USERNO,CATENAME,DESCRIPTION,REGDATE) values (16,4,'ㅇㅇㅇ','ㅇㅇㅇㅇ',to_date('18/02/20','RR/MM/DD'));
Insert into CATEGORY (CATENO,USERNO,CATENAME,DESCRIPTION,REGDATE) values (19,4,'왜 안될까','이유가 뭘까',to_date('18/02/20','RR/MM/DD'));
REM INSERTING into COMMENTS
SET DEFINE OFF;
REM INSERTING into POST
SET DEFINE OFF;
Insert into POST (POSTNO,CATENO,POSTTITLE,POSTCONTENT,REGDATE) values (1,4,'혜미니바보','히히ㅣ',to_date('18/02/20','RR/MM/DD'));
REM INSERTING into USERS
SET DEFINE OFF;
Insert into USERS (USERNO,ID,USERNAME,PASSWORD,JOINDATE) values (2,'dkssudglgl','안녕하세요','1234',to_date('18/02/19','RR/MM/DD'));
Insert into USERS (USERNO,ID,USERNAME,PASSWORD,JOINDATE) values (3,'yoojung','서유정','1234',to_date('18/02/19','RR/MM/DD'));
Insert into USERS (USERNO,ID,USERNAME,PASSWORD,JOINDATE) values (4,'1','1','1',to_date('18/02/19','RR/MM/DD'));
Insert into USERS (USERNO,ID,USERNAME,PASSWORD,JOINDATE) values (5,'minhye','min','1234',to_date('18/02/19','RR/MM/DD'));
Insert into USERS (USERNO,ID,USERNAME,PASSWORD,JOINDATE) values (6,'dkssudgktpdy','안녕하십니까','1234',to_date('18/02/19','RR/MM/DD'));
Insert into USERS (USERNO,ID,USERNAME,PASSWORD,JOINDATE) values (7,'hyemin','혜민','1234',to_date('18/02/20','RR/MM/DD'));
--------------------------------------------------------
--  Constraints for Table COMMENTS
--------------------------------------------------------

  ALTER TABLE "COMMENTS" ADD PRIMARY KEY ("CMTNO")
  USING INDEX PCTFREE 10 INITRANS 2 MAXTRANS 255 
  STORAGE(INITIAL 65536 NEXT 1048576 MINEXTENTS 1 MAXEXTENTS 2147483645
  PCTINCREASE 0 FREELISTS 1 FREELIST GROUPS 1 BUFFER_POOL DEFAULT FLASH_CACHE DEFAULT CELL_FLASH_CACHE DEFAULT)
  TABLESPACE "SYSTEM"  ENABLE;
  ALTER TABLE "COMMENTS" MODIFY ("REGDATE" NOT NULL ENABLE);
  ALTER TABLE "COMMENTS" MODIFY ("CMTCONTENT" NOT NULL ENABLE);
--------------------------------------------------------
--  Constraints for Table CATEGORY
--------------------------------------------------------

  ALTER TABLE "CATEGORY" ADD PRIMARY KEY ("CATENO")
  USING INDEX PCTFREE 10 INITRANS 2 MAXTRANS 255 
  STORAGE(INITIAL 65536 NEXT 1048576 MINEXTENTS 1 MAXEXTENTS 2147483645
  PCTINCREASE 0 FREELISTS 1 FREELIST GROUPS 1 BUFFER_POOL DEFAULT FLASH_CACHE DEFAULT CELL_FLASH_CACHE DEFAULT)
  TABLESPACE "SYSTEM"  ENABLE;
  ALTER TABLE "CATEGORY" MODIFY ("REGDATE" NOT NULL ENABLE);
  ALTER TABLE "CATEGORY" MODIFY ("CATENAME" NOT NULL ENABLE);
--------------------------------------------------------
--  Constraints for Table POST
--------------------------------------------------------

  ALTER TABLE "POST" ADD PRIMARY KEY ("POSTNO")
  USING INDEX PCTFREE 10 INITRANS 2 MAXTRANS 255 
  STORAGE(INITIAL 65536 NEXT 1048576 MINEXTENTS 1 MAXEXTENTS 2147483645
  PCTINCREASE 0 FREELISTS 1 FREELIST GROUPS 1 BUFFER_POOL DEFAULT FLASH_CACHE DEFAULT CELL_FLASH_CACHE DEFAULT)
  TABLESPACE "SYSTEM"  ENABLE;
  ALTER TABLE "POST" MODIFY ("REGDATE" NOT NULL ENABLE);
  ALTER TABLE "POST" MODIFY ("POSTTITLE" NOT NULL ENABLE);
--------------------------------------------------------
--  Constraints for Table USERS
--------------------------------------------------------

  ALTER TABLE "USERS" ADD UNIQUE ("ID")
  USING INDEX PCTFREE 10 INITRANS 2 MAXTRANS 255 
  STORAGE(INITIAL 65536 NEXT 1048576 MINEXTENTS 1 MAXEXTENTS 2147483645
  PCTINCREASE 0 FREELISTS 1 FREELIST GROUPS 1 BUFFER_POOL DEFAULT FLASH_CACHE DEFAULT CELL_FLASH_CACHE DEFAULT)
  TABLESPACE "SYSTEM"  ENABLE;
  ALTER TABLE "USERS" ADD PRIMARY KEY ("USERNO")
  USING INDEX PCTFREE 10 INITRANS 2 MAXTRANS 255 
  STORAGE(INITIAL 65536 NEXT 1048576 MINEXTENTS 1 MAXEXTENTS 2147483645
  PCTINCREASE 0 FREELISTS 1 FREELIST GROUPS 1 BUFFER_POOL DEFAULT FLASH_CACHE DEFAULT CELL_FLASH_CACHE DEFAULT)
  TABLESPACE "SYSTEM"  ENABLE;
  ALTER TABLE "USERS" MODIFY ("JOINDATE" NOT NULL ENABLE);
  ALTER TABLE "USERS" MODIFY ("PASSWORD" NOT NULL ENABLE);
  ALTER TABLE "USERS" MODIFY ("USERNAME" NOT NULL ENABLE);
  ALTER TABLE "USERS" MODIFY ("ID" NOT NULL ENABLE);
--------------------------------------------------------
--  Constraints for Table BLOG
--------------------------------------------------------

  ALTER TABLE "BLOG" ADD PRIMARY KEY ("USERNO")
  USING INDEX PCTFREE 10 INITRANS 2 MAXTRANS 255 
  STORAGE(INITIAL 65536 NEXT 1048576 MINEXTENTS 1 MAXEXTENTS 2147483645
  PCTINCREASE 0 FREELISTS 1 FREELIST GROUPS 1 BUFFER_POOL DEFAULT FLASH_CACHE DEFAULT CELL_FLASH_CACHE DEFAULT)
  TABLESPACE "SYSTEM"  ENABLE;
  ALTER TABLE "BLOG" MODIFY ("LOGOFILE" NOT NULL ENABLE);
  ALTER TABLE "BLOG" MODIFY ("BLOGTITLE" NOT NULL ENABLE);
--------------------------------------------------------
--  Ref Constraints for Table BLOG
--------------------------------------------------------

  ALTER TABLE "BLOG" ADD CONSTRAINT "FK_BLOG" FOREIGN KEY ("USERNO")
	  REFERENCES "USERS" ("USERNO") ENABLE;
--------------------------------------------------------
--  Ref Constraints for Table CATEGORY
--------------------------------------------------------

  ALTER TABLE "CATEGORY" ADD CONSTRAINT "FK_CATEGORY" FOREIGN KEY ("USERNO")
	  REFERENCES "BLOG" ("USERNO") ENABLE;
--------------------------------------------------------
--  Ref Constraints for Table COMMENTS
--------------------------------------------------------

  ALTER TABLE "COMMENTS" ADD CONSTRAINT "FK_COMMENT" FOREIGN KEY ("POSTNO")
	  REFERENCES "POST" ("POSTNO") ENABLE;
--------------------------------------------------------
--  Ref Constraints for Table POST
--------------------------------------------------------

  ALTER TABLE "POST" ADD CONSTRAINT "FK_POST" FOREIGN KEY ("CATENO")
	  REFERENCES "CATEGORY" ("CATENO") ENABLE;
